/*
 Navicat Premium Data Transfer

 Source Server         : local
 Source Server Type    : MySQL
 Source Server Version : 50730
 Source Host           : localhost:3306
 Source Schema         : blog

 Target Server Type    : MySQL
 Target Server Version : 50730
 File Encoding         : 65001

 Date: 31/10/2020 12:07:36
*/

SET NAMES utf8mb4;
SET FOREIGN_KEY_CHECKS = 0;

-- ----------------------------
-- Table structure for blog_article
-- ----------------------------
DROP TABLE IF EXISTS `blog_article`;
CREATE TABLE `blog_article` (
  `id` int(11) NOT NULL AUTO_INCREMENT,
  `title` varchar(150) DEFAULT NULL COMMENT '标题',
  `doc` text COMMENT 'MD文档',
  `outline` varchar(500) DEFAULT NULL COMMENT '大纲',
  `content` text COMMENT 'HTML内容',
  `create_time` datetime DEFAULT NULL,
  `update_time` datetime DEFAULT NULL,
  `deleted` int(11) DEFAULT '0',
  PRIMARY KEY (`id`)
) ENGINE=InnoDB AUTO_INCREMENT=380 DEFAULT CHARSET=utf8mb4 COMMENT='文章表';

-- ----------------------------
-- Records of blog_article
-- ----------------------------
BEGIN;
INSERT INTO `blog_article` VALUES (1, '测试发布一篇文章', '啊啊啊啊啊\n#啊啊啊啊啊啊\n> sdasd\n\n```java\npublic static void main(String[] args){\n    System.out.println(\"hello\");\n}\n```', '啊啊啊啊啊\n啊啊啊啊啊啊\nsdasd\n\npublic static void main(String[] args){\n    System.out.println(&quot;hello&quot;);\n}', '<p>啊啊啊啊啊</p>\n<h1 id=\"h1-u554Au554Au554Au554Au554Au554A\"><a name=\"啊啊啊啊啊啊\" class=\"reference-link\"></a><span class=\"header-link octicon octicon-link\"></span>啊啊啊啊啊啊</h1><blockquote>\n<p>sdasd</p>\n</blockquote>\n<pre><code class=\"lang-java\">public static void main(String[] args){\n    System.out.println(&quot;hello&quot;);\n}\n</code></pre>\n', '2020-10-20 08:49:37', '2020-10-20 08:13:04', 0);
INSERT INTO `blog_article` VALUES (2, '测试新增2', '啊啊啊啊啊\n#啊啊啊啊啊啊\n> sdasd\n\n```java\npublic static void main(String[] args){\n    System.out.println(\"hello\");\n}\n```', '啊啊啊啊啊\n啊啊啊啊啊啊\nsdasd\n\npublic static void main(String[] args){\n    System.out.println(&quot;hello&quot;);\n}', '<p>啊啊啊啊啊</p>\n<h1 id=\"h1-u554Au554Au554Au554Au554Au554A\"><a name=\"啊啊啊啊啊啊\" class=\"reference-link\"></a><span class=\"header-link octicon octicon-link\"></span>啊啊啊啊啊啊</h1><blockquote>\n<p>sdasd</p>\n</blockquote>\n<pre><code class=\"lang-java\">public static void main(String[] args){\n    System.out.println(&quot;hello&quot;);\n}\n</code></pre>\n', '2020-10-20 08:49:40', '2020-10-20 08:14:33', 0);
INSERT INTO `blog_article` VALUES (3, '测试发布一篇文章', '啊啊啊啊啊\n#啊啊啊啊啊啊\n> sdasd\n> 2222\n\n```java\npublic static void main(String[] args){\n    System.out.println(\"hello\");\n}\n```\n|asdasd|asdasd|\n|--|\n|sadasd|asdasd|', '啊啊啊啊啊\n啊啊啊啊啊啊\nsdasd2222\n\npublic static void main(String[] args){\n    System.out.println(&quot;hello&quot;);\n}\n\n\n\n\nasdasd\nasdasd\n\n\n\n\nsadasd\nasdasd', '<p>啊啊啊啊啊</p>\n<h1 id=\"h1-u554Au554Au554Au554Au554Au554A\"><a name=\"啊啊啊啊啊啊\" class=\"reference-link\"></a><span class=\"header-link octicon octicon-link\"></span>啊啊啊啊啊啊</h1><blockquote>\n<p>sdasd<br>2222</p>\n</blockquote>\n<pre><code class=\"lang-java\">public static void main(String[] args){\n    System.out.println(&quot;hello&quot;);\n}\n</code></pre>\n<table>\n<thead>\n<tr>\n<th>asdasd</th>\n<th>asdasd</th>\n</tr>\n</thead>\n<tbody>\n<tr>\n<td>sadasd</td>\n<td>asdasd</td>\n</tr>\n</tbody>\n</table>\n', '2020-10-20 08:00:16', '2020-10-20 08:00:16', 0);
INSERT INTO `blog_article` VALUES (180, '测试分页xxx0', '123123asdasdasd', '123123asdasdasd', '<p>123123asdasdasd</p>\n', '2020-10-21 00:15:26', '2020-10-21 00:15:26', 0);
INSERT INTO `blog_article` VALUES (181, '测试分页xxx1', '123123asdasdasd', '123123asdasdasd', '<p>123123asdasdasd</p>\n', '2020-10-21 00:15:26', '2020-10-21 00:15:26', 0);
INSERT INTO `blog_article` VALUES (182, '测试分页xxx2', '123123asdasdasd', '123123asdasdasd', '<p>123123asdasdasd</p>\n', '2020-10-21 00:15:26', '2020-10-21 00:15:26', 0);
INSERT INTO `blog_article` VALUES (183, '测试分页xxx3', '123123asdasdasd', '123123asdasdasd', '<p>123123asdasdasd</p>\n', '2020-10-21 00:15:26', '2020-10-21 00:15:26', 0);
INSERT INTO `blog_article` VALUES (184, '测试分页xxx4', '123123asdasdasd', '123123asdasdasd', '<p>123123asdasdasd</p>\n', '2020-10-21 00:15:26', '2020-10-21 00:15:26', 0);
INSERT INTO `blog_article` VALUES (185, '测试分页xxx5', '123123asdasdasd', '123123asdasdasd', '<p>123123asdasdasd</p>\n', '2020-10-21 00:15:26', '2020-10-21 00:15:26', 0);
INSERT INTO `blog_article` VALUES (186, '测试分页xxx6', '123123asdasdasd', '123123asdasdasd', '<p>123123asdasdasd</p>\n', '2020-10-21 00:15:26', '2020-10-21 00:15:26', 0);
INSERT INTO `blog_article` VALUES (187, '测试分页xxx7', '123123asdasdasd', '123123asdasdasd', '<p>123123asdasdasd</p>\n', '2020-10-21 00:15:26', '2020-10-21 00:15:26', 0);
INSERT INTO `blog_article` VALUES (188, '测试分页xxx8', '123123asdasdasd', '123123asdasdasd', '<p>123123asdasdasd</p>\n', '2020-10-21 00:15:26', '2020-10-21 00:15:26', 0);
INSERT INTO `blog_article` VALUES (189, '测试分页xxx9', '123123asdasdasd', '123123asdasdasd', '<p>123123asdasdasd</p>\n', '2020-10-21 00:15:26', '2020-10-21 00:15:26', 0);
INSERT INTO `blog_article` VALUES (190, '测试分页xxx10', '123123asdasdasd', '123123asdasdasd', '<p>123123asdasdasd</p>\n', '2020-10-21 00:15:26', '2020-10-21 00:15:26', 0);
INSERT INTO `blog_article` VALUES (191, '测试分页xxx11', '123123asdasdasd', '123123asdasdasd', '<p>123123asdasdasd</p>\n', '2020-10-21 00:15:26', '2020-10-21 00:15:26', 0);
INSERT INTO `blog_article` VALUES (192, '测试分页xxx12', '123123asdasdasd', '123123asdasdasd', '<p>123123asdasdasd</p>\n', '2020-10-21 00:15:26', '2020-10-21 00:15:26', 0);
INSERT INTO `blog_article` VALUES (193, '测试分页xxx13', '123123asdasdasd', '123123asdasdasd', '<p>123123asdasdasd</p>\n', '2020-10-21 00:15:26', '2020-10-21 00:15:26', 0);
INSERT INTO `blog_article` VALUES (194, '测试分页xxx14', '123123asdasdasd', '123123asdasdasd', '<p>123123asdasdasd</p>\n', '2020-10-21 00:15:26', '2020-10-21 00:15:26', 0);
INSERT INTO `blog_article` VALUES (195, '测试分页xxx15', '123123asdasdasd', '123123asdasdasd', '<p>123123asdasdasd</p>\n', '2020-10-21 00:15:26', '2020-10-21 00:15:26', 0);
INSERT INTO `blog_article` VALUES (196, '测试分页xxx16', '123123asdasdasd', '123123asdasdasd', '<p>123123asdasdasd</p>\n', '2020-10-21 00:15:26', '2020-10-21 00:15:26', 0);
INSERT INTO `blog_article` VALUES (197, '测试分页xxx17', '123123asdasdasd', '123123asdasdasd', '<p>123123asdasdasd</p>\n', '2020-10-21 00:15:26', '2020-10-21 00:15:26', 0);
INSERT INTO `blog_article` VALUES (198, '测试分页xxx18', '123123asdasdasd', '123123asdasdasd', '<p>123123asdasdasd</p>\n', '2020-10-21 00:15:26', '2020-10-21 00:15:26', 0);
INSERT INTO `blog_article` VALUES (199, '测试分页xxx19', '123123asdasdasd', '123123asdasdasd', '<p>123123asdasdasd</p>\n', '2020-10-21 00:15:26', '2020-10-21 00:15:26', 0);
INSERT INTO `blog_article` VALUES (200, '测试分页xxx20', '123123asdasdasd', '123123asdasdasd', '<p>123123asdasdasd</p>\n', '2020-10-21 00:15:26', '2020-10-21 00:15:26', 0);
INSERT INTO `blog_article` VALUES (201, '测试分页xxx21', '123123asdasdasd', '123123asdasdasd', '<p>123123asdasdasd</p>\n', '2020-10-21 00:15:26', '2020-10-21 00:15:26', 0);
INSERT INTO `blog_article` VALUES (202, '测试分页xxx22', '123123asdasdasd', '123123asdasdasd', '<p>123123asdasdasd</p>\n', '2020-10-21 00:15:26', '2020-10-21 00:15:26', 0);
INSERT INTO `blog_article` VALUES (203, '测试分页xxx23', '123123asdasdasd', '123123asdasdasd', '<p>123123asdasdasd</p>\n', '2020-10-21 00:15:26', '2020-10-21 00:15:26', 0);
INSERT INTO `blog_article` VALUES (204, '测试分页xxx24', '123123asdasdasd', '123123asdasdasd', '<p>123123asdasdasd</p>\n', '2020-10-21 00:15:26', '2020-10-21 00:15:26', 0);
INSERT INTO `blog_article` VALUES (205, '测试分页xxx25', '123123asdasdasd', '123123asdasdasd', '<p>123123asdasdasd</p>\n', '2020-10-21 00:15:26', '2020-10-21 00:15:26', 0);
INSERT INTO `blog_article` VALUES (206, '测试分页xxx26', '123123asdasdasd', '123123asdasdasd', '<p>123123asdasdasd</p>\n', '2020-10-21 00:15:26', '2020-10-21 00:15:26', 0);
INSERT INTO `blog_article` VALUES (207, '测试分页xxx27', '123123asdasdasd', '123123asdasdasd', '<p>123123asdasdasd</p>\n', '2020-10-21 00:15:26', '2020-10-21 00:15:26', 0);
INSERT INTO `blog_article` VALUES (208, '测试分页xxx28', '123123asdasdasd', '123123asdasdasd', '<p>123123asdasdasd</p>\n', '2020-10-21 00:15:26', '2020-10-21 00:15:26', 0);
INSERT INTO `blog_article` VALUES (209, '测试分页xxx29', '123123asdasdasd', '123123asdasdasd', '<p>123123asdasdasd</p>\n', '2020-10-21 00:15:26', '2020-10-21 00:15:26', 0);
INSERT INTO `blog_article` VALUES (210, '测试分页xxx30', '123123asdasdasd', '123123asdasdasd', '<p>123123asdasdasd</p>\n', '2020-10-21 00:15:26', '2020-10-21 00:15:26', 0);
INSERT INTO `blog_article` VALUES (211, '测试分页xxx31', '123123asdasdasd', '123123asdasdasd', '<p>123123asdasdasd</p>\n', '2020-10-21 00:15:26', '2020-10-21 00:15:26', 0);
INSERT INTO `blog_article` VALUES (212, '测试分页xxx32', '123123asdasdasd', '123123asdasdasd', '<p>123123asdasdasd</p>\n', '2020-10-21 00:15:26', '2020-10-21 00:15:26', 0);
INSERT INTO `blog_article` VALUES (213, '测试分页xxx33', '123123asdasdasd', '123123asdasdasd', '<p>123123asdasdasd</p>\n', '2020-10-21 00:15:26', '2020-10-21 00:15:26', 0);
INSERT INTO `blog_article` VALUES (214, '测试分页xxx34', '123123asdasdasd', '123123asdasdasd', '<p>123123asdasdasd</p>\n', '2020-10-21 00:15:26', '2020-10-21 00:15:26', 0);
INSERT INTO `blog_article` VALUES (215, '测试分页xxx35', '123123asdasdasd', '123123asdasdasd', '<p>123123asdasdasd</p>\n', '2020-10-21 00:15:26', '2020-10-21 00:15:26', 0);
INSERT INTO `blog_article` VALUES (216, '测试分页xxx36', '123123asdasdasd', '123123asdasdasd', '<p>123123asdasdasd</p>\n', '2020-10-21 00:15:26', '2020-10-21 00:15:26', 0);
INSERT INTO `blog_article` VALUES (217, '测试分页xxx37', '123123asdasdasd', '123123asdasdasd', '<p>123123asdasdasd</p>\n', '2020-10-21 00:15:26', '2020-10-21 00:15:26', 0);
INSERT INTO `blog_article` VALUES (218, '测试分页xxx38', '123123asdasdasd', '123123asdasdasd', '<p>123123asdasdasd</p>\n', '2020-10-21 00:15:26', '2020-10-21 00:15:26', 0);
INSERT INTO `blog_article` VALUES (219, '测试分页xxx39', '123123asdasdasd', '123123asdasdasd', '<p>123123asdasdasd</p>\n', '2020-10-21 00:15:26', '2020-10-21 00:15:26', 0);
INSERT INTO `blog_article` VALUES (220, '测试分页xxx40', '123123asdasdasd', '123123asdasdasd', '<p>123123asdasdasd</p>\n', '2020-10-21 00:15:26', '2020-10-21 00:15:26', 0);
INSERT INTO `blog_article` VALUES (221, '测试分页xxx41', '123123asdasdasd', '123123asdasdasd', '<p>123123asdasdasd</p>\n', '2020-10-21 00:15:26', '2020-10-21 00:15:26', 0);
INSERT INTO `blog_article` VALUES (222, '测试分页xxx42', '123123asdasdasd', '123123asdasdasd', '<p>123123asdasdasd</p>\n', '2020-10-21 00:15:26', '2020-10-21 00:15:26', 0);
INSERT INTO `blog_article` VALUES (223, '测试分页xxx43', '123123asdasdasd', '123123asdasdasd', '<p>123123asdasdasd</p>\n', '2020-10-21 00:15:26', '2020-10-21 00:15:26', 0);
INSERT INTO `blog_article` VALUES (224, '测试分页xxx44', '123123asdasdasd', '123123asdasdasd', '<p>123123asdasdasd</p>\n', '2020-10-21 00:15:26', '2020-10-21 00:15:26', 0);
INSERT INTO `blog_article` VALUES (225, '测试分页xxx45', '123123asdasdasd', '123123asdasdasd', '<p>123123asdasdasd</p>\n', '2020-10-21 00:15:26', '2020-10-21 00:15:26', 0);
INSERT INTO `blog_article` VALUES (226, '测试分页xxx46', '123123asdasdasd', '123123asdasdasd', '<p>123123asdasdasd</p>\n', '2020-10-21 00:15:26', '2020-10-21 00:15:26', 0);
INSERT INTO `blog_article` VALUES (227, '测试分页xxx47', '123123asdasdasd', '123123asdasdasd', '<p>123123asdasdasd</p>\n', '2020-10-21 00:15:26', '2020-10-21 00:15:26', 0);
INSERT INTO `blog_article` VALUES (228, '测试分页xxx48', '123123asdasdasd', '123123asdasdasd', '<p>123123asdasdasd</p>\n', '2020-10-21 00:15:26', '2020-10-21 00:15:26', 0);
INSERT INTO `blog_article` VALUES (229, '测试分页xxx49', '123123asdasdasd', '123123asdasdasd', '<p>123123asdasdasd</p>\n', '2020-10-21 00:15:26', '2020-10-21 00:15:26', 0);
INSERT INTO `blog_article` VALUES (230, '测试分页xxx50', '123123asdasdasd', '123123asdasdasd', '<p>123123asdasdasd</p>\n', '2020-10-21 00:15:26', '2020-10-21 00:15:26', 0);
INSERT INTO `blog_article` VALUES (231, '测试分页xxx51', '123123asdasdasd', '123123asdasdasd', '<p>123123asdasdasd</p>\n', '2020-10-21 00:15:26', '2020-10-21 00:15:26', 0);
INSERT INTO `blog_article` VALUES (232, '测试分页xxx52', '123123asdasdasd', '123123asdasdasd', '<p>123123asdasdasd</p>\n', '2020-10-21 00:15:26', '2020-10-21 00:15:26', 0);
INSERT INTO `blog_article` VALUES (233, '测试分页xxx53', '123123asdasdasd', '123123asdasdasd', '<p>123123asdasdasd</p>\n', '2020-10-21 00:15:26', '2020-10-21 00:15:26', 0);
INSERT INTO `blog_article` VALUES (234, '测试分页xxx54', '123123asdasdasd', '123123asdasdasd', '<p>123123asdasdasd</p>\n', '2020-10-21 00:15:26', '2020-10-21 00:15:26', 0);
INSERT INTO `blog_article` VALUES (235, '测试分页xxx55', '123123asdasdasd', '123123asdasdasd', '<p>123123asdasdasd</p>\n', '2020-10-21 00:15:26', '2020-10-21 00:15:26', 0);
INSERT INTO `blog_article` VALUES (236, '测试分页xxx56', '123123asdasdasd', '123123asdasdasd', '<p>123123asdasdasd</p>\n', '2020-10-21 00:15:26', '2020-10-21 00:15:26', 0);
INSERT INTO `blog_article` VALUES (237, '测试分页xxx57', '123123asdasdasd', '123123asdasdasd', '<p>123123asdasdasd</p>\n', '2020-10-21 00:15:26', '2020-10-21 00:15:26', 0);
INSERT INTO `blog_article` VALUES (238, '测试分页xxx58', '123123asdasdasd', '123123asdasdasd', '<p>123123asdasdasd</p>\n', '2020-10-21 00:15:26', '2020-10-21 00:15:26', 0);
INSERT INTO `blog_article` VALUES (239, '测试分页xxx59', '123123asdasdasd', '123123asdasdasd', '<p>123123asdasdasd</p>\n', '2020-10-21 00:15:26', '2020-10-21 00:15:26', 0);
INSERT INTO `blog_article` VALUES (240, '测试分页xxx60', '123123asdasdasd', '123123asdasdasd', '<p>123123asdasdasd</p>\n', '2020-10-21 00:15:26', '2020-10-21 00:15:26', 0);
INSERT INTO `blog_article` VALUES (241, '测试分页xxx61', '123123asdasdasd', '123123asdasdasd', '<p>123123asdasdasd</p>\n', '2020-10-21 00:15:26', '2020-10-21 00:15:26', 0);
INSERT INTO `blog_article` VALUES (242, '测试分页xxx62', '123123asdasdasd', '123123asdasdasd', '<p>123123asdasdasd</p>\n', '2020-10-21 00:15:26', '2020-10-21 00:15:26', 0);
INSERT INTO `blog_article` VALUES (243, '测试分页xxx63', '123123asdasdasd', '123123asdasdasd', '<p>123123asdasdasd</p>\n', '2020-10-21 00:15:26', '2020-10-21 00:15:26', 0);
INSERT INTO `blog_article` VALUES (244, '测试分页xxx64', '123123asdasdasd', '123123asdasdasd', '<p>123123asdasdasd</p>\n', '2020-10-21 00:15:26', '2020-10-21 00:15:26', 0);
INSERT INTO `blog_article` VALUES (245, '测试分页xxx65', '123123asdasdasd', '123123asdasdasd', '<p>123123asdasdasd</p>\n', '2020-10-21 00:15:26', '2020-10-21 00:15:26', 0);
INSERT INTO `blog_article` VALUES (246, '测试分页xxx66', '123123asdasdasd', '123123asdasdasd', '<p>123123asdasdasd</p>\n', '2020-10-21 00:15:26', '2020-10-21 00:15:26', 0);
INSERT INTO `blog_article` VALUES (247, '测试分页xxx67', '123123asdasdasd', '123123asdasdasd', '<p>123123asdasdasd</p>\n', '2020-10-21 00:15:26', '2020-10-21 00:15:26', 0);
INSERT INTO `blog_article` VALUES (248, '测试分页xxx68', '123123asdasdasd', '123123asdasdasd', '<p>123123asdasdasd</p>\n', '2020-10-21 00:15:26', '2020-10-21 00:15:26', 0);
INSERT INTO `blog_article` VALUES (249, '测试分页xxx69', '123123asdasdasd', '123123asdasdasd', '<p>123123asdasdasd</p>\n', '2020-10-21 00:15:26', '2020-10-21 00:15:26', 0);
INSERT INTO `blog_article` VALUES (250, '测试分页xxx70', '123123asdasdasd', '123123asdasdasd', '<p>123123asdasdasd</p>\n', '2020-10-21 00:15:26', '2020-10-21 00:15:26', 0);
INSERT INTO `blog_article` VALUES (251, '测试分页xxx71', '123123asdasdasd', '123123asdasdasd', '<p>123123asdasdasd</p>\n', '2020-10-21 00:15:26', '2020-10-21 00:15:26', 0);
INSERT INTO `blog_article` VALUES (252, '测试分页xxx72', '123123asdasdasd', '123123asdasdasd', '<p>123123asdasdasd</p>\n', '2020-10-21 00:15:26', '2020-10-21 00:15:26', 0);
INSERT INTO `blog_article` VALUES (253, '测试分页xxx73', '123123asdasdasd', '123123asdasdasd', '<p>123123asdasdasd</p>\n', '2020-10-21 00:15:26', '2020-10-21 00:15:26', 0);
INSERT INTO `blog_article` VALUES (254, '测试分页xxx74', '123123asdasdasd', '123123asdasdasd', '<p>123123asdasdasd</p>\n', '2020-10-21 00:15:26', '2020-10-21 00:15:26', 0);
INSERT INTO `blog_article` VALUES (255, '测试分页xxx75', '123123asdasdasd', '123123asdasdasd', '<p>123123asdasdasd</p>\n', '2020-10-21 00:15:26', '2020-10-21 00:15:26', 0);
INSERT INTO `blog_article` VALUES (256, '测试分页xxx76', '123123asdasdasd', '123123asdasdasd', '<p>123123asdasdasd</p>\n', '2020-10-21 00:15:26', '2020-10-21 00:15:26', 0);
INSERT INTO `blog_article` VALUES (257, '测试分页xxx77', '123123asdasdasd', '123123asdasdasd', '<p>123123asdasdasd</p>\n', '2020-10-21 00:15:26', '2020-10-21 00:15:26', 0);
INSERT INTO `blog_article` VALUES (258, '测试分页xxx78', '123123asdasdasd', '123123asdasdasd', '<p>123123asdasdasd</p>\n', '2020-10-21 00:15:26', '2020-10-21 00:15:26', 0);
INSERT INTO `blog_article` VALUES (259, '测试分页xxx79', '123123asdasdasd', '123123asdasdasd', '<p>123123asdasdasd</p>\n', '2020-10-21 00:15:26', '2020-10-21 00:15:26', 0);
INSERT INTO `blog_article` VALUES (260, '测试分页xxx80', '123123asdasdasd', '123123asdasdasd', '<p>123123asdasdasd</p>\n', '2020-10-21 00:15:26', '2020-10-21 00:15:26', 0);
INSERT INTO `blog_article` VALUES (261, '测试分页xxx81', '123123asdasdasd', '123123asdasdasd', '<p>123123asdasdasd</p>\n', '2020-10-21 00:15:26', '2020-10-21 00:15:26', 0);
INSERT INTO `blog_article` VALUES (262, '测试分页xxx82', '123123asdasdasd', '123123asdasdasd', '<p>123123asdasdasd</p>\n', '2020-10-21 00:15:26', '2020-10-21 00:15:26', 0);
INSERT INTO `blog_article` VALUES (263, '测试分页xxx83', '123123asdasdasd', '123123asdasdasd', '<p>123123asdasdasd</p>\n', '2020-10-21 00:15:26', '2020-10-21 00:15:26', 0);
INSERT INTO `blog_article` VALUES (264, '测试分页xxx84', '123123asdasdasd', '123123asdasdasd', '<p>123123asdasdasd</p>\n', '2020-10-21 00:15:26', '2020-10-21 00:15:26', 0);
INSERT INTO `blog_article` VALUES (265, '测试分页xxx85', '123123asdasdasd', '123123asdasdasd', '<p>123123asdasdasd</p>\n', '2020-10-21 00:15:26', '2020-10-21 00:15:26', 0);
INSERT INTO `blog_article` VALUES (266, '测试分页xxx86', '123123asdasdasd', '123123asdasdasd', '<p>123123asdasdasd</p>\n', '2020-10-21 00:15:26', '2020-10-21 00:15:26', 0);
INSERT INTO `blog_article` VALUES (267, '测试分页xxx87', '123123asdasdasd', '123123asdasdasd', '<p>123123asdasdasd</p>\n', '2020-10-21 00:15:26', '2020-10-21 00:15:26', 0);
INSERT INTO `blog_article` VALUES (268, '测试分页xxx88', '123123asdasdasd', '123123asdasdasd', '<p>123123asdasdasd</p>\n', '2020-10-21 00:15:26', '2020-10-21 00:15:26', 0);
INSERT INTO `blog_article` VALUES (269, '测试分页xxx89', '123123asdasdasd', '123123asdasdasd', '<p>123123asdasdasd</p>\n', '2020-10-21 00:15:26', '2020-10-21 00:15:26', 0);
INSERT INTO `blog_article` VALUES (270, '测试分页xxx90', '123123asdasdasd', '123123asdasdasd', '<p>123123asdasdasd</p>\n', '2020-10-21 00:15:26', '2020-10-21 00:15:26', 0);
INSERT INTO `blog_article` VALUES (271, '测试分页xxx91', '123123asdasdasd', '123123asdasdasd', '<p>123123asdasdasd</p>\n', '2020-10-21 00:15:26', '2020-10-21 00:15:26', 0);
INSERT INTO `blog_article` VALUES (272, '测试分页xxx92', '123123asdasdasd', '123123asdasdasd', '<p>123123asdasdasd</p>\n', '2020-10-21 00:15:26', '2020-10-21 00:15:26', 0);
INSERT INTO `blog_article` VALUES (273, '测试分页xxx93', '123123asdasdasd', '123123asdasdasd', '<p>123123asdasdasd</p>\n', '2020-10-21 00:15:26', '2020-10-21 00:15:26', 0);
INSERT INTO `blog_article` VALUES (274, '测试分页xxx94', '123123asdasdasd', '123123asdasdasd', '<p>123123asdasdasd</p>\n', '2020-10-21 00:15:26', '2020-10-21 00:15:26', 0);
INSERT INTO `blog_article` VALUES (275, '测试分页xxx95', '123123asdasdasd', '123123asdasdasd', '<p>123123asdasdasd</p>\n', '2020-10-21 00:15:26', '2020-10-21 00:15:26', 0);
INSERT INTO `blog_article` VALUES (276, '测试分页xxx96', '123123asdasdasd', '123123asdasdasd', '<p>123123asdasdasd</p>\n', '2020-10-21 00:15:26', '2020-10-21 00:15:26', 0);
INSERT INTO `blog_article` VALUES (277, '测试分页xxx97', '123123asdasdasd', '123123asdasdasd', '<p>123123asdasdasd</p>\n', '2020-10-21 00:15:26', '2020-10-21 00:15:26', 0);
INSERT INTO `blog_article` VALUES (278, '测试分页xxx98', '123123asdasdasd', '123123asdasdasd', '<p>123123asdasdasd</p>\n', '2020-10-21 00:15:26', '2020-10-21 00:15:26', 0);
INSERT INTO `blog_article` VALUES (279, '测试分页xxx99', '123123asdasdasd', '123123asdasdasd', '<p>123123asdasdasd</p>\n', '2020-10-21 00:15:26', '2020-10-21 00:15:26', 0);
INSERT INTO `blog_article` VALUES (280, '测试分页xxx100', '123123asdasdasd', '123123asdasdasd', '<p>123123asdasdasd</p>\n', '2020-10-21 00:15:26', '2020-10-21 00:15:26', 0);
INSERT INTO `blog_article` VALUES (281, '测试分页xxx101', '123123asdasdasd', '123123asdasdasd', '<p>123123asdasdasd</p>\n', '2020-10-21 00:15:26', '2020-10-21 00:15:26', 0);
INSERT INTO `blog_article` VALUES (282, '测试分页xxx102', '123123asdasdasd', '123123asdasdasd', '<p>123123asdasdasd</p>\n', '2020-10-21 00:15:26', '2020-10-21 00:15:26', 0);
INSERT INTO `blog_article` VALUES (283, '测试分页xxx103', '123123asdasdasd', '123123asdasdasd', '<p>123123asdasdasd</p>\n', '2020-10-21 00:15:26', '2020-10-21 00:15:26', 0);
INSERT INTO `blog_article` VALUES (284, '测试分页xxx104', '123123asdasdasd', '123123asdasdasd', '<p>123123asdasdasd</p>\n', '2020-10-21 00:15:26', '2020-10-21 00:15:26', 0);
INSERT INTO `blog_article` VALUES (285, '测试分页xxx105', '123123asdasdasd', '123123asdasdasd', '<p>123123asdasdasd</p>\n', '2020-10-21 00:15:26', '2020-10-21 00:15:26', 0);
INSERT INTO `blog_article` VALUES (286, '测试分页xxx106', '123123asdasdasd', '123123asdasdasd', '<p>123123asdasdasd</p>\n', '2020-10-21 00:15:26', '2020-10-21 00:15:26', 0);
INSERT INTO `blog_article` VALUES (287, '测试分页xxx107', '123123asdasdasd', '123123asdasdasd', '<p>123123asdasdasd</p>\n', '2020-10-21 00:15:26', '2020-10-21 00:15:26', 0);
INSERT INTO `blog_article` VALUES (288, '测试分页xxx108', '123123asdasdasd', '123123asdasdasd', '<p>123123asdasdasd</p>\n', '2020-10-21 00:15:26', '2020-10-21 00:15:26', 0);
INSERT INTO `blog_article` VALUES (289, '测试分页xxx109', '123123asdasdasd', '123123asdasdasd', '<p>123123asdasdasd</p>\n', '2020-10-21 00:15:26', '2020-10-21 00:15:26', 0);
INSERT INTO `blog_article` VALUES (290, '测试分页xxx110', '123123asdasdasd', '123123asdasdasd', '<p>123123asdasdasd</p>\n', '2020-10-21 00:15:26', '2020-10-21 00:15:26', 0);
INSERT INTO `blog_article` VALUES (291, '测试分页xxx111', '123123asdasdasd', '123123asdasdasd', '<p>123123asdasdasd</p>\n', '2020-10-21 00:15:26', '2020-10-21 00:15:26', 0);
INSERT INTO `blog_article` VALUES (292, '测试分页xxx112', '123123asdasdasd', '123123asdasdasd', '<p>123123asdasdasd</p>\n', '2020-10-21 00:15:26', '2020-10-21 00:15:26', 0);
INSERT INTO `blog_article` VALUES (293, '测试分页xxx113', '123123asdasdasd', '123123asdasdasd', '<p>123123asdasdasd</p>\n', '2020-10-21 00:15:26', '2020-10-21 00:15:26', 0);
INSERT INTO `blog_article` VALUES (294, '测试分页xxx114', '123123asdasdasd', '123123asdasdasd', '<p>123123asdasdasd</p>\n', '2020-10-21 00:15:26', '2020-10-21 00:15:26', 0);
INSERT INTO `blog_article` VALUES (295, '测试分页xxx115', '123123asdasdasd', '123123asdasdasd', '<p>123123asdasdasd</p>\n', '2020-10-21 00:15:26', '2020-10-21 00:15:26', 0);
INSERT INTO `blog_article` VALUES (296, '测试分页xxx116', '123123asdasdasd', '123123asdasdasd', '<p>123123asdasdasd</p>\n', '2020-10-21 00:15:26', '2020-10-21 00:15:26', 0);
INSERT INTO `blog_article` VALUES (297, '测试分页xxx117', '123123asdasdasd', '123123asdasdasd', '<p>123123asdasdasd</p>\n', '2020-10-21 00:15:26', '2020-10-21 00:15:26', 0);
INSERT INTO `blog_article` VALUES (298, '测试分页xxx118', '123123asdasdasd', '123123asdasdasd', '<p>123123asdasdasd</p>\n', '2020-10-21 00:15:26', '2020-10-21 00:15:26', 0);
INSERT INTO `blog_article` VALUES (299, '测试分页xxx119', '123123asdasdasd', '123123asdasdasd', '<p>123123asdasdasd</p>\n', '2020-10-21 00:15:26', '2020-10-21 00:15:26', 0);
INSERT INTO `blog_article` VALUES (300, '测试分页xxx120', '123123asdasdasd', '123123asdasdasd', '<p>123123asdasdasd</p>\n', '2020-10-21 00:15:26', '2020-10-21 00:15:26', 0);
INSERT INTO `blog_article` VALUES (301, '测试分页xxx121', '123123asdasdasd', '123123asdasdasd', '<p>123123asdasdasd</p>\n', '2020-10-21 00:15:26', '2020-10-21 00:15:26', 0);
INSERT INTO `blog_article` VALUES (302, '测试分页xxx122', '123123asdasdasd', '123123asdasdasd', '<p>123123asdasdasd</p>\n', '2020-10-21 00:15:26', '2020-10-21 00:15:26', 0);
INSERT INTO `blog_article` VALUES (303, '测试分页xxx123', '123123asdasdasd', '123123asdasdasd', '<p>123123asdasdasd</p>\n', '2020-10-21 00:15:26', '2020-10-21 00:15:26', 0);
INSERT INTO `blog_article` VALUES (304, '测试分页xxx124', '123123asdasdasd', '123123asdasdasd', '<p>123123asdasdasd</p>\n', '2020-10-21 00:15:26', '2020-10-21 00:15:26', 0);
INSERT INTO `blog_article` VALUES (305, '测试分页xxx125', '123123asdasdasd', '123123asdasdasd', '<p>123123asdasdasd</p>\n', '2020-10-21 00:15:26', '2020-10-21 00:15:26', 0);
INSERT INTO `blog_article` VALUES (306, '测试分页xxx126', '123123asdasdasd', '123123asdasdasd', '<p>123123asdasdasd</p>\n', '2020-10-21 00:15:26', '2020-10-21 00:15:26', 0);
INSERT INTO `blog_article` VALUES (307, '测试分页xxx127', '123123asdasdasd', '123123asdasdasd', '<p>123123asdasdasd</p>\n', '2020-10-21 00:15:26', '2020-10-21 00:15:26', 0);
INSERT INTO `blog_article` VALUES (308, '测试分页xxx128', '123123asdasdasd', '123123asdasdasd', '<p>123123asdasdasd</p>\n', '2020-10-21 00:15:26', '2020-10-21 00:15:26', 0);
INSERT INTO `blog_article` VALUES (309, '测试分页xxx129', '123123asdasdasd', '123123asdasdasd', '<p>123123asdasdasd</p>\n', '2020-10-21 00:15:26', '2020-10-21 00:15:26', 0);
INSERT INTO `blog_article` VALUES (310, '测试分页xxx130', '123123asdasdasd', '123123asdasdasd', '<p>123123asdasdasd</p>\n', '2020-10-21 00:15:26', '2020-10-21 00:15:26', 0);
INSERT INTO `blog_article` VALUES (311, '测试分页xxx131', '123123asdasdasd', '123123asdasdasd', '<p>123123asdasdasd</p>\n', '2020-10-21 00:15:26', '2020-10-21 00:15:26', 0);
INSERT INTO `blog_article` VALUES (312, '测试分页xxx132', '123123asdasdasd', '123123asdasdasd', '<p>123123asdasdasd</p>\n', '2020-10-21 00:15:26', '2020-10-21 00:15:26', 0);
INSERT INTO `blog_article` VALUES (313, '测试分页xxx133', '123123asdasdasd', '123123asdasdasd', '<p>123123asdasdasd</p>\n', '2020-10-21 00:15:26', '2020-10-21 00:15:26', 0);
INSERT INTO `blog_article` VALUES (314, '测试分页xxx134', '123123asdasdasd', '123123asdasdasd', '<p>123123asdasdasd</p>\n', '2020-10-21 00:15:26', '2020-10-21 00:15:26', 0);
INSERT INTO `blog_article` VALUES (315, '测试分页xxx135', '123123asdasdasd', '123123asdasdasd', '<p>123123asdasdasd</p>\n', '2020-10-21 00:15:27', '2020-10-21 00:15:27', 0);
INSERT INTO `blog_article` VALUES (316, '测试分页xxx136', '123123asdasdasd', '123123asdasdasd', '<p>123123asdasdasd</p>\n', '2020-10-21 00:15:27', '2020-10-21 00:15:27', 0);
INSERT INTO `blog_article` VALUES (317, '测试分页xxx137', '123123asdasdasd', '123123asdasdasd', '<p>123123asdasdasd</p>\n', '2020-10-21 00:15:27', '2020-10-21 00:15:27', 0);
INSERT INTO `blog_article` VALUES (318, '测试分页xxx138', '123123asdasdasd', '123123asdasdasd', '<p>123123asdasdasd</p>\n', '2020-10-21 00:15:27', '2020-10-21 00:15:27', 0);
INSERT INTO `blog_article` VALUES (319, '测试分页xxx139', '123123asdasdasd', '123123asdasdasd', '<p>123123asdasdasd</p>\n', '2020-10-21 00:15:27', '2020-10-21 00:15:27', 0);
INSERT INTO `blog_article` VALUES (320, '测试分页xxx140', '123123asdasdasd', '123123asdasdasd', '<p>123123asdasdasd</p>\n', '2020-10-21 00:15:27', '2020-10-21 00:15:27', 0);
INSERT INTO `blog_article` VALUES (321, '测试分页xxx141', '123123asdasdasd', '123123asdasdasd', '<p>123123asdasdasd</p>\n', '2020-10-21 00:15:27', '2020-10-21 00:15:27', 0);
INSERT INTO `blog_article` VALUES (322, '测试分页xxx142', '123123asdasdasd', '123123asdasdasd', '<p>123123asdasdasd</p>\n', '2020-10-21 00:15:27', '2020-10-21 00:15:27', 0);
INSERT INTO `blog_article` VALUES (323, '测试分页xxx143', '123123asdasdasd', '123123asdasdasd', '<p>123123asdasdasd</p>\n', '2020-10-21 00:15:27', '2020-10-21 00:15:27', 0);
INSERT INTO `blog_article` VALUES (324, '测试分页xxx144', '123123asdasdasd', '123123asdasdasd', '<p>123123asdasdasd</p>\n', '2020-10-21 00:15:27', '2020-10-21 00:15:27', 0);
INSERT INTO `blog_article` VALUES (325, '测试分页xxx145', '123123asdasdasd', '123123asdasdasd', '<p>123123asdasdasd</p>\n', '2020-10-21 00:15:27', '2020-10-21 00:15:27', 0);
INSERT INTO `blog_article` VALUES (326, '测试分页xxx146', '123123asdasdasd', '123123asdasdasd', '<p>123123asdasdasd</p>\n', '2020-10-21 00:15:27', '2020-10-21 00:15:27', 0);
INSERT INTO `blog_article` VALUES (327, '测试分页xxx147', '123123asdasdasd', '123123asdasdasd', '<p>123123asdasdasd</p>\n', '2020-10-21 00:15:27', '2020-10-21 00:15:27', 0);
INSERT INTO `blog_article` VALUES (328, '测试分页xxx148', '123123asdasdasd', '123123asdasdasd', '<p>123123asdasdasd</p>\n', '2020-10-21 00:15:27', '2020-10-21 00:15:27', 0);
INSERT INTO `blog_article` VALUES (329, '测试分页xxx149', '123123asdasdasd', '123123asdasdasd', '<p>123123asdasdasd</p>\n', '2020-10-21 00:15:27', '2020-10-21 00:15:27', 0);
INSERT INTO `blog_article` VALUES (330, '测试分页xxx150', '123123asdasdasd', '123123asdasdasd', '<p>123123asdasdasd</p>\n', '2020-10-21 00:15:27', '2020-10-21 00:15:27', 0);
INSERT INTO `blog_article` VALUES (331, '测试分页xxx151', '123123asdasdasd', '123123asdasdasd', '<p>123123asdasdasd</p>\n', '2020-10-21 00:15:27', '2020-10-21 00:15:27', 0);
INSERT INTO `blog_article` VALUES (332, '测试分页xxx152', '123123asdasdasd', '123123asdasdasd', '<p>123123asdasdasd</p>\n', '2020-10-21 00:15:27', '2020-10-21 00:15:27', 0);
INSERT INTO `blog_article` VALUES (333, '测试分页xxx153', '123123asdasdasd', '123123asdasdasd', '<p>123123asdasdasd</p>\n', '2020-10-21 00:15:27', '2020-10-21 00:15:27', 0);
INSERT INTO `blog_article` VALUES (334, '测试分页xxx154', '123123asdasdasd', '123123asdasdasd', '<p>123123asdasdasd</p>\n', '2020-10-21 00:15:27', '2020-10-21 00:15:27', 0);
INSERT INTO `blog_article` VALUES (335, '测试分页xxx155', '123123asdasdasd', '123123asdasdasd', '<p>123123asdasdasd</p>\n', '2020-10-21 00:15:27', '2020-10-21 00:15:27', 0);
INSERT INTO `blog_article` VALUES (336, '测试分页xxx156', '123123asdasdasd', '123123asdasdasd', '<p>123123asdasdasd</p>\n', '2020-10-21 00:15:27', '2020-10-21 00:15:27', 0);
INSERT INTO `blog_article` VALUES (337, '测试分页xxx157', '123123asdasdasd', '123123asdasdasd', '<p>123123asdasdasd</p>\n', '2020-10-21 00:15:27', '2020-10-21 00:15:27', 0);
INSERT INTO `blog_article` VALUES (338, '测试分页xxx158', '123123asdasdasd', '123123asdasdasd', '<p>123123asdasdasd</p>\n', '2020-10-21 00:15:27', '2020-10-21 00:15:27', 0);
INSERT INTO `blog_article` VALUES (339, '测试分页xxx159', '123123asdasdasd', '123123asdasdasd', '<p>123123asdasdasd</p>\n', '2020-10-21 00:15:27', '2020-10-21 00:15:27', 0);
INSERT INTO `blog_article` VALUES (340, '测试分页xxx160', '123123asdasdasd', '123123asdasdasd', '<p>123123asdasdasd</p>\n', '2020-10-21 00:15:27', '2020-10-21 00:15:27', 0);
INSERT INTO `blog_article` VALUES (341, '测试分页xxx161', '123123asdasdasd', '123123asdasdasd', '<p>123123asdasdasd</p>\n', '2020-10-21 00:15:27', '2020-10-21 00:15:27', 0);
INSERT INTO `blog_article` VALUES (342, '测试分页xxx162', '123123asdasdasd', '123123asdasdasd', '<p>123123asdasdasd</p>\n', '2020-10-21 00:15:27', '2020-10-21 00:15:27', 0);
INSERT INTO `blog_article` VALUES (343, '测试分页xxx163', '123123asdasdasd', '123123asdasdasd', '<p>123123asdasdasd</p>\n', '2020-10-21 00:15:27', '2020-10-21 00:15:27', 0);
INSERT INTO `blog_article` VALUES (344, '测试分页xxx164', '123123asdasdasd', '123123asdasdasd', '<p>123123asdasdasd</p>\n', '2020-10-21 00:15:27', '2020-10-21 00:15:27', 0);
INSERT INTO `blog_article` VALUES (345, '测试分页xxx165', '123123asdasdasd', '123123asdasdasd', '<p>123123asdasdasd</p>\n', '2020-10-21 00:15:27', '2020-10-21 00:15:27', 0);
INSERT INTO `blog_article` VALUES (346, '测试分页xxx166', '123123asdasdasd', '123123asdasdasd', '<p>123123asdasdasd</p>\n', '2020-10-21 00:15:27', '2020-10-21 00:15:27', 0);
INSERT INTO `blog_article` VALUES (347, '测试分页xxx167', '123123asdasdasd', '123123asdasdasd', '<p>123123asdasdasd</p>\n', '2020-10-21 00:15:27', '2020-10-21 00:15:27', 0);
INSERT INTO `blog_article` VALUES (348, '测试分页xxx168', '123123asdasdasd', '123123asdasdasd', '<p>123123asdasdasd</p>\n', '2020-10-21 00:15:27', '2020-10-21 00:15:27', 0);
INSERT INTO `blog_article` VALUES (349, '测试分页xxx169', '123123asdasdasd', '123123asdasdasd', '<p>123123asdasdasd</p>\n', '2020-10-21 00:15:27', '2020-10-21 00:15:27', 0);
INSERT INTO `blog_article` VALUES (350, '测试分页xxx170', '123123asdasdasd', '123123asdasdasd', '<p>123123asdasdasd</p>\n', '2020-10-21 00:15:27', '2020-10-21 00:15:27', 0);
INSERT INTO `blog_article` VALUES (351, '测试分页xxx171', '123123asdasdasd', '123123asdasdasd', '<p>123123asdasdasd</p>\n', '2020-10-21 00:15:27', '2020-10-21 00:15:27', 0);
INSERT INTO `blog_article` VALUES (352, '测试分页xxx172', '123123asdasdasd', '123123asdasdasd', '<p>123123asdasdasd</p>\n', '2020-10-21 00:15:27', '2020-10-21 00:15:27', 0);
INSERT INTO `blog_article` VALUES (353, '测试分页xxx173', '123123asdasdasd', '123123asdasdasd', '<p>123123asdasdasd</p>\n', '2020-10-21 00:15:27', '2020-10-21 00:15:27', 0);
INSERT INTO `blog_article` VALUES (354, '测试分页xxx174', '123123asdasdasd', '123123asdasdasd', '<p>123123asdasdasd</p>\n', '2020-10-21 00:15:27', '2020-10-21 00:15:27', 0);
INSERT INTO `blog_article` VALUES (355, '测试分页xxx175', '123123asdasdasd', '123123asdasdasd', '<p>123123asdasdasd</p>\n', '2020-10-21 00:15:27', '2020-10-21 00:15:27', 0);
INSERT INTO `blog_article` VALUES (356, '测试分页xxx176', '123123asdasdasd', '123123asdasdasd', '<p>123123asdasdasd</p>\n', '2020-10-21 00:15:27', '2020-10-21 00:15:27', 0);
INSERT INTO `blog_article` VALUES (357, '测试分页xxx177', '123123asdasdasd', '123123asdasdasd', '<p>123123asdasdasd</p>\n', '2020-10-21 00:15:27', '2020-10-21 00:15:27', 0);
INSERT INTO `blog_article` VALUES (358, '测试分页xxx178', '123123asdasdasd', '123123asdasdasd', '<p>123123asdasdasd</p>\n', '2020-10-21 00:15:27', '2020-10-21 00:15:27', 0);
INSERT INTO `blog_article` VALUES (359, '测试分页xxx179', '123123asdasdasd', '123123asdasdasd', '<p>123123asdasdasd</p>\n', '2020-10-21 00:15:27', '2020-10-21 00:15:27', 0);
INSERT INTO `blog_article` VALUES (360, '测试分页xxx180', '123123asdasdasd', '123123asdasdasd', '<p>123123asdasdasd</p>\n', '2020-10-21 00:15:27', '2020-10-21 00:15:27', 0);
INSERT INTO `blog_article` VALUES (361, '测试分页xxx181', '123123asdasdasd', '123123asdasdasd', '<p>123123asdasdasd</p>\n', '2020-10-21 00:15:27', '2020-10-21 00:15:27', 0);
INSERT INTO `blog_article` VALUES (362, '测试分页xxx182', '123123asdasdasd', '123123asdasdasd', '<p>123123asdasdasd</p>\n', '2020-10-21 00:15:27', '2020-10-21 00:15:27', 0);
INSERT INTO `blog_article` VALUES (363, '测试分页xxx183', '123123asdasdasd', '123123asdasdasd', '<p>123123asdasdasd</p>\n', '2020-10-21 00:15:27', '2020-10-21 00:15:27', 0);
INSERT INTO `blog_article` VALUES (364, '测试分页xxx184', '123123asdasdasd', '123123asdasdasd', '<p>123123asdasdasd</p>\n', '2020-10-21 00:15:27', '2020-10-21 00:15:27', 0);
INSERT INTO `blog_article` VALUES (365, '测试分页xxx185', '123123asdasdasd', '123123asdasdasd', '<p>123123asdasdasd</p>\n', '2020-10-21 00:15:27', '2020-10-21 00:15:27', 0);
INSERT INTO `blog_article` VALUES (366, '测试分页xxx186', '123123asdasdasd', '123123asdasdasd', '<p>123123asdasdasd</p>\n', '2020-10-21 00:15:27', '2020-10-21 00:15:27', 0);
INSERT INTO `blog_article` VALUES (367, '测试分页xxx187', '123123asdasdasd', '123123asdasdasd', '<p>123123asdasdasd</p>\n', '2020-10-21 00:15:27', '2020-10-21 00:15:27', 0);
INSERT INTO `blog_article` VALUES (368, '测试分页xxx188', '123123asdasdasd', '123123asdasdasd', '<p>123123asdasdasd</p>\n', '2020-10-21 00:15:27', '2020-10-21 00:15:27', 0);
INSERT INTO `blog_article` VALUES (369, '测试分页xxx189', '123123asdasdasd', '123123asdasdasd', '<p>123123asdasdasd</p>\n', '2020-10-21 00:15:27', '2020-10-21 00:15:27', 0);
INSERT INTO `blog_article` VALUES (370, '测试分页xxx190', '123123asdasdasd', '123123asdasdasd', '<p>123123asdasdasd</p>\n', '2020-10-21 00:15:27', '2020-10-21 00:15:27', 0);
INSERT INTO `blog_article` VALUES (371, '测试分页xxx191', '123123asdasdasd', '123123asdasdasd', '<p>123123asdasdasd</p>\n', '2020-10-21 00:15:27', '2020-10-21 00:15:27', 0);
INSERT INTO `blog_article` VALUES (372, '测试分页xxx192', '123123asdasdasd', '123123asdasdasd', '<p>123123asdasdasd</p>\n', '2020-10-21 00:15:27', '2020-10-21 00:15:27', 0);
INSERT INTO `blog_article` VALUES (373, '测试分页xxx193', '123123asdasdasd', '123123asdasdasd', '<p>123123asdasdasd</p>\n', '2020-10-21 00:15:27', '2020-10-21 00:15:27', 0);
INSERT INTO `blog_article` VALUES (374, '测试分页xxx194', '123123asdasdasd', '123123asdasdasd', '<p>123123asdasdasd</p>\n', '2020-10-21 00:15:27', '2020-10-21 00:15:27', 0);
INSERT INTO `blog_article` VALUES (375, '测试分页xxx195', '123123asdasdasd', '123123asdasdasd', '<p>123123asdasdasd</p>\n', '2020-10-21 00:15:27', '2020-10-21 00:15:27', 0);
INSERT INTO `blog_article` VALUES (376, '测试分页xxx196', '123123asdasdasd', '123123asdasdasd', '<p>123123asdasdasd</p>\n', '2020-10-21 00:15:27', '2020-10-21 00:15:27', 0);
INSERT INTO `blog_article` VALUES (377, '测试分页xxx197', '123123asdasdasd', '123123asdasdasd', '<p>123123asdasdasd</p>\n', '2020-10-21 00:15:27', '2020-10-21 00:15:27', 0);
INSERT INTO `blog_article` VALUES (378, '测试分页xxx198', '123123asdasdasd', '123123asdasdasd', '<p>123123asdasdasd</p>\n', '2020-10-21 00:15:27', '2020-10-21 00:15:27', 0);
INSERT INTO `blog_article` VALUES (379, '测试分页xxx199', '拉克丝和康师傅和看上过看拉萨读后感卡萨结构化大开杀戒爱过后卡号gfs\n```java\n\npublic static void main(String[] args){\n	System.out.println(\"hello\")\n}\n```\n# 标题标题\nVeryNginx 是一个功能强大而对人类友好的 Nginx 扩展程序，这是作者的原话。很久之前我就看到过这个项目，直到最近我才在本站试用了一把，确实好用，于是想通过本文把它介绍给更多人。\n\nVeryNginx 主要由两部分组成：基于 lua-nginx-module 开发的 Lua 脚本，以及基于 HTML/CSS/JS 开发的 Web 控制面板 —— 用于生成和管理 Lua 脚本所需配置。\n\nlua-nginx-module 能让 Lua 脚本直接跑在 Nginx 内部，比用 C 语言开发 Nginx 模块更容易上手，同时还能充分利用 Nginx 的非阻塞 I/O 模型，非常适合开发功能复杂、性能优异的 Web 应用。它也是大家熟知的 OpenResty 套件中一个最核心的模块。\n\nVeryNginx 通过在请求的不同阶段（如 init_by_lua*/rewrite_by_lua*/access_by_lua*/log_by_lua*）执行不同 Lua 脚本，实现给请求打标签及对拥有不同标签的请求进行不同的处理的功能。除此之外，它还支持常见的统计报表展示。\n\n> lua-nginx-module\nhttp_stub_status_module\nhttp_ssl_module\n\n|   |   |\n| ------------ | ------------ |\n| 第三方士大夫  |   奥术大师大所大所多|\n|   奥术大师大所大所多|   发大幅度发大幅度|\n', '拉克丝和康师傅和看上过看拉萨读后感卡萨结构化大开杀戒爱过后卡号gfs\n\npublic static void main(String[] args){\n    System.out.println(&quot;hello&quot;)\n}\n\n标题标题VeryNginx 是一个功能强大而对人类友好的 Nginx 扩展程序，这是作者的原话。很久之前我就看到过这个项目，直到最近我才在本站试用了一把，确实好用，于是想通过本文把它介绍给更多人。\nVeryNginx 主要由两部分组成：基于 lua-nginx-...', '<p>拉克丝和康师傅和看上过看拉萨读后感卡萨结构化大开杀戒爱过后卡号gfs</p>\n<pre><code class=\"lang-java\">\npublic static void main(String[] args){\n    System.out.println(&quot;hello&quot;)\n}\n</code></pre>\n<h1 id=\"h1-u6807u9898u6807u9898\"><a name=\"标题标题\" class=\"reference-link\"></a><span class=\"header-link octicon octicon-link\"></span>标题标题</h1><p>VeryNginx 是一个功能强大而对人类友好的 Nginx 扩展程序，这是作者的原话。很久之前我就看到过这个项目，直到最近我才在本站试用了一把，确实好用，于是想通过本文把它介绍给更多人。</p>\n<p>VeryNginx 主要由两部分组成：基于 lua-nginx-module 开发的 Lua 脚本，以及基于 HTML/CSS/JS 开发的 Web 控制面板 —— 用于生成和管理 Lua 脚本所需配置。</p>\n<p>lua-nginx-module 能让 Lua 脚本直接跑在 Nginx 内部，比用 C 语言开发 Nginx 模块更容易上手，同时还能充分利用 Nginx 的非阻塞 I/O 模型，非常适合开发功能复杂、性能优异的 Web 应用。它也是大家熟知的 OpenResty 套件中一个最核心的模块。</p>\n<p>VeryNginx 通过在请求的不同阶段（如 init_by_lua<em>/rewrite_by_lua</em>/access_by_lua<em>/log_by_lua</em>）执行不同 Lua 脚本，实现给请求打标签及对拥有不同标签的请求进行不同的处理的功能。除此之外，它还支持常见的统计报表展示。</p>\n<blockquote>\n<p>lua-nginx-module<br>http_stub_status_module<br>http_ssl_module</p>\n</blockquote>\n<table>\n<thead>\n<tr>\n<th></th>\n<th></th>\n</tr>\n</thead>\n<tbody>\n<tr>\n<td>第三方士大夫</td>\n<td>奥术大师大所大所多</td>\n</tr>\n<tr>\n<td>奥术大师大所大所多</td>\n<td>发大幅度发大幅度</td>\n</tr>\n</tbody>\n</table>\n', '2020-10-21 00:15:27', '2020-10-28 09:10:13', 0);
COMMIT;

-- ----------------------------
-- Table structure for blog_article_classify
-- ----------------------------
DROP TABLE IF EXISTS `blog_article_classify`;
CREATE TABLE `blog_article_classify` (
  `id` int(11) NOT NULL AUTO_INCREMENT,
  `article_id` int(11) DEFAULT NULL,
  `classify_id` int(11) DEFAULT NULL,
  PRIMARY KEY (`id`)
) ENGINE=InnoDB AUTO_INCREMENT=221 DEFAULT CHARSET=utf8mb4 COMMENT='文章与栏目关联相关';

-- ----------------------------
-- Records of blog_article_classify
-- ----------------------------
BEGIN;
INSERT INTO `blog_article_classify` VALUES (1, 1, 1);
INSERT INTO `blog_article_classify` VALUES (4, 3, 1);
INSERT INTO `blog_article_classify` VALUES (6, 2, 1);
INSERT INTO `blog_article_classify` VALUES (7, 2, 2);
INSERT INTO `blog_article_classify` VALUES (19, 180, 1);
INSERT INTO `blog_article_classify` VALUES (20, 181, 1);
INSERT INTO `blog_article_classify` VALUES (21, 182, 1);
INSERT INTO `blog_article_classify` VALUES (22, 183, 1);
INSERT INTO `blog_article_classify` VALUES (23, 184, 1);
INSERT INTO `blog_article_classify` VALUES (24, 185, 1);
INSERT INTO `blog_article_classify` VALUES (25, 186, 1);
INSERT INTO `blog_article_classify` VALUES (26, 187, 1);
INSERT INTO `blog_article_classify` VALUES (27, 188, 1);
INSERT INTO `blog_article_classify` VALUES (28, 189, 1);
INSERT INTO `blog_article_classify` VALUES (29, 190, 1);
INSERT INTO `blog_article_classify` VALUES (30, 191, 1);
INSERT INTO `blog_article_classify` VALUES (31, 192, 1);
INSERT INTO `blog_article_classify` VALUES (32, 193, 1);
INSERT INTO `blog_article_classify` VALUES (33, 194, 1);
INSERT INTO `blog_article_classify` VALUES (34, 195, 1);
INSERT INTO `blog_article_classify` VALUES (35, 196, 1);
INSERT INTO `blog_article_classify` VALUES (36, 197, 1);
INSERT INTO `blog_article_classify` VALUES (37, 198, 1);
INSERT INTO `blog_article_classify` VALUES (38, 199, 1);
INSERT INTO `blog_article_classify` VALUES (39, 200, 1);
INSERT INTO `blog_article_classify` VALUES (40, 201, 1);
INSERT INTO `blog_article_classify` VALUES (41, 202, 1);
INSERT INTO `blog_article_classify` VALUES (42, 203, 1);
INSERT INTO `blog_article_classify` VALUES (43, 204, 1);
INSERT INTO `blog_article_classify` VALUES (44, 205, 1);
INSERT INTO `blog_article_classify` VALUES (45, 206, 1);
INSERT INTO `blog_article_classify` VALUES (46, 207, 1);
INSERT INTO `blog_article_classify` VALUES (47, 208, 1);
INSERT INTO `blog_article_classify` VALUES (48, 209, 1);
INSERT INTO `blog_article_classify` VALUES (49, 210, 1);
INSERT INTO `blog_article_classify` VALUES (50, 211, 1);
INSERT INTO `blog_article_classify` VALUES (51, 212, 1);
INSERT INTO `blog_article_classify` VALUES (52, 213, 1);
INSERT INTO `blog_article_classify` VALUES (53, 214, 1);
INSERT INTO `blog_article_classify` VALUES (54, 215, 1);
INSERT INTO `blog_article_classify` VALUES (55, 216, 1);
INSERT INTO `blog_article_classify` VALUES (56, 217, 1);
INSERT INTO `blog_article_classify` VALUES (57, 218, 1);
INSERT INTO `blog_article_classify` VALUES (58, 219, 1);
INSERT INTO `blog_article_classify` VALUES (59, 220, 1);
INSERT INTO `blog_article_classify` VALUES (60, 221, 1);
INSERT INTO `blog_article_classify` VALUES (61, 222, 1);
INSERT INTO `blog_article_classify` VALUES (62, 223, 1);
INSERT INTO `blog_article_classify` VALUES (63, 224, 1);
INSERT INTO `blog_article_classify` VALUES (64, 225, 1);
INSERT INTO `blog_article_classify` VALUES (65, 226, 1);
INSERT INTO `blog_article_classify` VALUES (66, 227, 1);
INSERT INTO `blog_article_classify` VALUES (67, 228, 1);
INSERT INTO `blog_article_classify` VALUES (68, 229, 1);
INSERT INTO `blog_article_classify` VALUES (69, 230, 1);
INSERT INTO `blog_article_classify` VALUES (70, 231, 1);
INSERT INTO `blog_article_classify` VALUES (71, 232, 1);
INSERT INTO `blog_article_classify` VALUES (72, 233, 1);
INSERT INTO `blog_article_classify` VALUES (73, 234, 1);
INSERT INTO `blog_article_classify` VALUES (74, 235, 1);
INSERT INTO `blog_article_classify` VALUES (75, 236, 1);
INSERT INTO `blog_article_classify` VALUES (76, 237, 1);
INSERT INTO `blog_article_classify` VALUES (77, 238, 1);
INSERT INTO `blog_article_classify` VALUES (78, 239, 1);
INSERT INTO `blog_article_classify` VALUES (79, 240, 1);
INSERT INTO `blog_article_classify` VALUES (80, 241, 1);
INSERT INTO `blog_article_classify` VALUES (81, 242, 1);
INSERT INTO `blog_article_classify` VALUES (82, 243, 1);
INSERT INTO `blog_article_classify` VALUES (83, 244, 1);
INSERT INTO `blog_article_classify` VALUES (84, 245, 1);
INSERT INTO `blog_article_classify` VALUES (85, 246, 1);
INSERT INTO `blog_article_classify` VALUES (86, 247, 1);
INSERT INTO `blog_article_classify` VALUES (87, 248, 1);
INSERT INTO `blog_article_classify` VALUES (88, 249, 1);
INSERT INTO `blog_article_classify` VALUES (89, 250, 1);
INSERT INTO `blog_article_classify` VALUES (90, 251, 1);
INSERT INTO `blog_article_classify` VALUES (91, 252, 1);
INSERT INTO `blog_article_classify` VALUES (92, 253, 1);
INSERT INTO `blog_article_classify` VALUES (93, 254, 1);
INSERT INTO `blog_article_classify` VALUES (94, 255, 1);
INSERT INTO `blog_article_classify` VALUES (95, 256, 1);
INSERT INTO `blog_article_classify` VALUES (96, 257, 1);
INSERT INTO `blog_article_classify` VALUES (97, 258, 1);
INSERT INTO `blog_article_classify` VALUES (98, 259, 1);
INSERT INTO `blog_article_classify` VALUES (99, 260, 1);
INSERT INTO `blog_article_classify` VALUES (100, 261, 1);
INSERT INTO `blog_article_classify` VALUES (101, 262, 1);
INSERT INTO `blog_article_classify` VALUES (102, 263, 1);
INSERT INTO `blog_article_classify` VALUES (103, 264, 1);
INSERT INTO `blog_article_classify` VALUES (104, 265, 1);
INSERT INTO `blog_article_classify` VALUES (105, 266, 1);
INSERT INTO `blog_article_classify` VALUES (106, 267, 1);
INSERT INTO `blog_article_classify` VALUES (107, 268, 1);
INSERT INTO `blog_article_classify` VALUES (108, 269, 1);
INSERT INTO `blog_article_classify` VALUES (109, 270, 1);
INSERT INTO `blog_article_classify` VALUES (110, 271, 1);
INSERT INTO `blog_article_classify` VALUES (111, 272, 1);
INSERT INTO `blog_article_classify` VALUES (112, 273, 1);
INSERT INTO `blog_article_classify` VALUES (113, 274, 1);
INSERT INTO `blog_article_classify` VALUES (114, 275, 1);
INSERT INTO `blog_article_classify` VALUES (115, 276, 1);
INSERT INTO `blog_article_classify` VALUES (116, 277, 1);
INSERT INTO `blog_article_classify` VALUES (117, 278, 1);
INSERT INTO `blog_article_classify` VALUES (118, 279, 1);
INSERT INTO `blog_article_classify` VALUES (119, 280, 1);
INSERT INTO `blog_article_classify` VALUES (120, 281, 1);
INSERT INTO `blog_article_classify` VALUES (121, 282, 1);
INSERT INTO `blog_article_classify` VALUES (122, 283, 1);
INSERT INTO `blog_article_classify` VALUES (123, 284, 1);
INSERT INTO `blog_article_classify` VALUES (124, 285, 1);
INSERT INTO `blog_article_classify` VALUES (125, 286, 1);
INSERT INTO `blog_article_classify` VALUES (126, 287, 1);
INSERT INTO `blog_article_classify` VALUES (127, 288, 1);
INSERT INTO `blog_article_classify` VALUES (128, 289, 1);
INSERT INTO `blog_article_classify` VALUES (129, 290, 1);
INSERT INTO `blog_article_classify` VALUES (130, 291, 1);
INSERT INTO `blog_article_classify` VALUES (131, 292, 1);
INSERT INTO `blog_article_classify` VALUES (132, 293, 1);
INSERT INTO `blog_article_classify` VALUES (133, 294, 1);
INSERT INTO `blog_article_classify` VALUES (134, 295, 1);
INSERT INTO `blog_article_classify` VALUES (135, 296, 1);
INSERT INTO `blog_article_classify` VALUES (136, 297, 1);
INSERT INTO `blog_article_classify` VALUES (137, 298, 1);
INSERT INTO `blog_article_classify` VALUES (138, 299, 1);
INSERT INTO `blog_article_classify` VALUES (139, 300, 1);
INSERT INTO `blog_article_classify` VALUES (140, 301, 1);
INSERT INTO `blog_article_classify` VALUES (141, 302, 1);
INSERT INTO `blog_article_classify` VALUES (142, 303, 1);
INSERT INTO `blog_article_classify` VALUES (143, 304, 1);
INSERT INTO `blog_article_classify` VALUES (144, 305, 1);
INSERT INTO `blog_article_classify` VALUES (145, 306, 1);
INSERT INTO `blog_article_classify` VALUES (146, 307, 1);
INSERT INTO `blog_article_classify` VALUES (147, 308, 1);
INSERT INTO `blog_article_classify` VALUES (148, 309, 1);
INSERT INTO `blog_article_classify` VALUES (149, 310, 1);
INSERT INTO `blog_article_classify` VALUES (150, 311, 1);
INSERT INTO `blog_article_classify` VALUES (151, 312, 1);
INSERT INTO `blog_article_classify` VALUES (152, 313, 1);
INSERT INTO `blog_article_classify` VALUES (153, 314, 1);
INSERT INTO `blog_article_classify` VALUES (154, 315, 1);
INSERT INTO `blog_article_classify` VALUES (155, 316, 1);
INSERT INTO `blog_article_classify` VALUES (156, 317, 1);
INSERT INTO `blog_article_classify` VALUES (157, 318, 1);
INSERT INTO `blog_article_classify` VALUES (158, 319, 1);
INSERT INTO `blog_article_classify` VALUES (159, 320, 1);
INSERT INTO `blog_article_classify` VALUES (160, 321, 1);
INSERT INTO `blog_article_classify` VALUES (161, 322, 1);
INSERT INTO `blog_article_classify` VALUES (162, 323, 1);
INSERT INTO `blog_article_classify` VALUES (163, 324, 1);
INSERT INTO `blog_article_classify` VALUES (164, 325, 1);
INSERT INTO `blog_article_classify` VALUES (165, 326, 1);
INSERT INTO `blog_article_classify` VALUES (166, 327, 1);
INSERT INTO `blog_article_classify` VALUES (167, 328, 1);
INSERT INTO `blog_article_classify` VALUES (168, 329, 1);
INSERT INTO `blog_article_classify` VALUES (169, 330, 1);
INSERT INTO `blog_article_classify` VALUES (170, 331, 1);
INSERT INTO `blog_article_classify` VALUES (171, 332, 1);
INSERT INTO `blog_article_classify` VALUES (172, 333, 1);
INSERT INTO `blog_article_classify` VALUES (173, 334, 1);
INSERT INTO `blog_article_classify` VALUES (174, 335, 1);
INSERT INTO `blog_article_classify` VALUES (175, 336, 1);
INSERT INTO `blog_article_classify` VALUES (176, 337, 1);
INSERT INTO `blog_article_classify` VALUES (177, 338, 1);
INSERT INTO `blog_article_classify` VALUES (178, 339, 1);
INSERT INTO `blog_article_classify` VALUES (179, 340, 1);
INSERT INTO `blog_article_classify` VALUES (180, 341, 1);
INSERT INTO `blog_article_classify` VALUES (181, 342, 1);
INSERT INTO `blog_article_classify` VALUES (182, 343, 1);
INSERT INTO `blog_article_classify` VALUES (183, 344, 1);
INSERT INTO `blog_article_classify` VALUES (184, 345, 1);
INSERT INTO `blog_article_classify` VALUES (185, 346, 1);
INSERT INTO `blog_article_classify` VALUES (186, 347, 1);
INSERT INTO `blog_article_classify` VALUES (187, 348, 1);
INSERT INTO `blog_article_classify` VALUES (188, 349, 1);
INSERT INTO `blog_article_classify` VALUES (189, 350, 1);
INSERT INTO `blog_article_classify` VALUES (190, 351, 1);
INSERT INTO `blog_article_classify` VALUES (191, 352, 1);
INSERT INTO `blog_article_classify` VALUES (192, 353, 1);
INSERT INTO `blog_article_classify` VALUES (193, 354, 1);
INSERT INTO `blog_article_classify` VALUES (194, 355, 1);
INSERT INTO `blog_article_classify` VALUES (195, 356, 1);
INSERT INTO `blog_article_classify` VALUES (196, 357, 1);
INSERT INTO `blog_article_classify` VALUES (197, 358, 1);
INSERT INTO `blog_article_classify` VALUES (198, 359, 1);
INSERT INTO `blog_article_classify` VALUES (199, 360, 1);
INSERT INTO `blog_article_classify` VALUES (200, 361, 1);
INSERT INTO `blog_article_classify` VALUES (201, 362, 1);
INSERT INTO `blog_article_classify` VALUES (202, 363, 1);
INSERT INTO `blog_article_classify` VALUES (203, 364, 1);
INSERT INTO `blog_article_classify` VALUES (204, 365, 1);
INSERT INTO `blog_article_classify` VALUES (205, 366, 1);
INSERT INTO `blog_article_classify` VALUES (206, 367, 1);
INSERT INTO `blog_article_classify` VALUES (207, 368, 1);
INSERT INTO `blog_article_classify` VALUES (208, 369, 1);
INSERT INTO `blog_article_classify` VALUES (209, 370, 1);
INSERT INTO `blog_article_classify` VALUES (210, 371, 1);
INSERT INTO `blog_article_classify` VALUES (211, 372, 1);
INSERT INTO `blog_article_classify` VALUES (212, 373, 1);
INSERT INTO `blog_article_classify` VALUES (213, 374, 1);
INSERT INTO `blog_article_classify` VALUES (214, 375, 1);
INSERT INTO `blog_article_classify` VALUES (215, 376, 1);
INSERT INTO `blog_article_classify` VALUES (216, 377, 1);
INSERT INTO `blog_article_classify` VALUES (217, 378, 1);
INSERT INTO `blog_article_classify` VALUES (220, 379, 1);
COMMIT;

-- ----------------------------
-- Table structure for blog_article_comment
-- ----------------------------
DROP TABLE IF EXISTS `blog_article_comment`;
CREATE TABLE `blog_article_comment` (
  `id` int(11) NOT NULL AUTO_INCREMENT,
  `article_id` int(11) DEFAULT NULL COMMENT '文章ID',
  `parent_id` int(11) DEFAULT NULL COMMENT '上级楼层ID',
  `nicker` varchar(50) DEFAULT NULL COMMENT '昵称',
  `email` varchar(80) DEFAULT NULL COMMENT '电子邮箱',
  `content` text COMMENT '评论内容',
  `create_time` datetime DEFAULT NULL COMMENT '创建时间',
  `deleted` int(11) DEFAULT '0',
  `status` int(11) DEFAULT '0' COMMENT '0=未审核, 1=审核通过,-1=驳回',
  PRIMARY KEY (`id`)
) ENGINE=InnoDB AUTO_INCREMENT=8 DEFAULT CHARSET=utf8mb4 COMMENT='文章评论';

-- ----------------------------
-- Records of blog_article_comment
-- ----------------------------
BEGIN;
INSERT INTO `blog_article_comment` VALUES (1, 379, 0, 'asdasd', '719348277@qq.com', 'asdasd', '2020-10-28 08:17:04', 0, 1);
INSERT INTO `blog_article_comment` VALUES (2, 379, 0, '123123', '719348277@qq.com', '123123', '2020-10-28 08:21:36', 1, 1);
INSERT INTO `blog_article_comment` VALUES (3, 379, 2, '123123123123123123', '719348277@qq.com', '123123123123', '2020-10-28 08:22:43', 0, 1);
INSERT INTO `blog_article_comment` VALUES (5, 379, 3, '234', '123@23.com', 'sgsdsdf', '2020-10-28 08:40:47', 1, 1);
INSERT INTO `blog_article_comment` VALUES (6, 379, 5, 'myNicker', '12312@123.com', '测试回复测试回复测试回复测试回复测试回复测试回复测试回复测试回复测试回复测试回复测试回复测试回复测试回复测试回复测试回复测试回复测试回复测试回复测试回复测试回复测试回复测试回复测试回复测试回复测试回复测试回复测试回复测试回复测试回复测试回复测试回复测试回复测试回复测试回复测试回复测试回复测试回复测试回复测试回复测试回复测试回复测试回复测试回复测试回复', '2020-10-28 08:51:10', 0, 1);
INSERT INTO `blog_article_comment` VALUES (7, 379, 6, '111', '111@qq.com', '111111', '2020-10-30 08:07:02', 0, 0);
COMMIT;

-- ----------------------------
-- Table structure for blog_classify
-- ----------------------------
DROP TABLE IF EXISTS `blog_classify`;
CREATE TABLE `blog_classify` (
  `id` int(11) NOT NULL AUTO_INCREMENT,
  `name` varchar(30) DEFAULT NULL,
  `status` int(11) DEFAULT NULL,
  `create_time` datetime DEFAULT NULL,
  `update_time` datetime DEFAULT NULL,
  PRIMARY KEY (`id`)
) ENGINE=InnoDB AUTO_INCREMENT=5 DEFAULT CHARSET=utf8mb4 COMMENT='栏目/分类';

-- ----------------------------
-- Records of blog_classify
-- ----------------------------
BEGIN;
INSERT INTO `blog_classify` VALUES (1, '后端技术', 1, '2020-10-16 03:28:06', '2020-10-16 03:28:06');
INSERT INTO `blog_classify` VALUES (2, '前端技术', 1, '2020-10-16 03:31:11', '2020-10-16 03:31:11');
INSERT INTO `blog_classify` VALUES (3, '运维相关', 1, '2020-10-29 07:16:46', '2020-10-29 07:16:46');
INSERT INTO `blog_classify` VALUES (4, '随笔', 1, '2020-10-29 07:16:53', '2020-10-29 07:16:53');
COMMIT;

-- ----------------------------
-- Table structure for blog_rule
-- ----------------------------
DROP TABLE IF EXISTS `blog_rule`;
CREATE TABLE `blog_rule` (
  `id` int(11) NOT NULL AUTO_INCREMENT,
  `keyword` text COMMENT '过滤词汇[''xxx'', ''xxx'']',
  `find_range` varchar(10) DEFAULT NULL COMMENT '匹配范围,多选,逗号隔开. 1=昵称,2=邮箱,3=评论内容',
  `rule` int(11) DEFAULT NULL COMMENT '匹配规则, 1=所有词汇出现次数总和, 2=出现率最高词汇数, 3=平均每个词汇出现数, 4=全部匹配且按最低出现率的词汇次数, 5=全部匹配且按出现率最高的词汇次数',
  `flow_fun` int(11) DEFAULT NULL COMMENT '流程处理方法: 1=转人工, 2=自动驳回, 3=自动通过',
  `threshold` int(11) DEFAULT NULL COMMENT '阀值',
  `status` int(11) DEFAULT NULL COMMENT '0 = 未启用, 1 = 启用',
  PRIMARY KEY (`id`)
) ENGINE=InnoDB DEFAULT CHARSET=utf8mb4 COMMENT='过滤规则表';

-- ----------------------------
-- Table structure for blog_user
-- ----------------------------
DROP TABLE IF EXISTS `blog_user`;
CREATE TABLE `blog_user` (
  `id` int(11) NOT NULL AUTO_INCREMENT,
  `email` varchar(50) DEFAULT NULL COMMENT '账号/电子邮箱',
  `nicker` varchar(20) DEFAULT NULL COMMENT '用户昵称',
  `password` varchar(32) DEFAULT NULL COMMENT '用户密码',
  PRIMARY KEY (`id`)
) ENGINE=InnoDB AUTO_INCREMENT=2 DEFAULT CHARSET=utf8mb4 COMMENT='用户表';

-- ----------------------------
-- Records of blog_user
-- ----------------------------
BEGIN;
INSERT INTO `blog_user` VALUES (1, 'admin', '郭胜凯', '202cb962ac59075b964b07152d234b70');
COMMIT;

-- ----------------------------
-- Table structure for blog_webset
-- ----------------------------
DROP TABLE IF EXISTS `blog_webset`;
CREATE TABLE `blog_webset` (
  `id` int(11) NOT NULL AUTO_INCREMENT,
  `name` varchar(20) DEFAULT NULL COMMENT '网站名称',
  `cache_time` int(11) DEFAULT '0' COMMENT '缓存时间',
  `max_update_size` int(11) DEFAULT NULL COMMENT '最大上传大小',
  `home_title` varchar(100) DEFAULT NULL COMMENT '主页标题',
  `meta_keywords` varchar(255) DEFAULT NULL COMMENT '头关键字信息',
  `meta_description` varchar(266) DEFAULT NULL COMMENT '头描述信息',
  `license` varchar(100) DEFAULT NULL COMMENT '授权信息',
  `upload_file_type` varchar(100) DEFAULT NULL COMMENT '允许上传文件类型',
  `domain` varchar(100) DEFAULT NULL,
  PRIMARY KEY (`id`)
) ENGINE=InnoDB AUTO_INCREMENT=2 DEFAULT CHARSET=utf8mb4 COMMENT='网站设置';

-- ----------------------------
-- Records of blog_webset
-- ----------------------------
BEGIN;
INSERT INTO `blog_webset` VALUES (1, '天涯客栈', 0, 0, '首页', 'java,天涯,客栈,blog,开源,博客,技术,后端,前端,解决方案', '这是一个基于Spring boot的开源博客项目. 开源协议GPL3.0 NPL996. GitHub:https://github.com/onlyGuo/blog. 在这里你可以浏览作者发布的一些文章或者通过此代码搭建属于自己的博客系统.', '© 2020 321aiyi.com GPL3.0 license NPL996 license', 'JAVA|JPEG|PNG|GIF|ZIP|GZ|TAR|TXT', 'localhost');
COMMIT;

SET FOREIGN_KEY_CHECKS = 1;
